JG4-E:14416-000,N23
JG4-E:14416-000,N23
JG4-E:14416-000,N23
JG4-E:14418-000,N23
JG4-E:14418-000,N23
JG4-E:14420-000,N23
JG4-E:14420-000,N23
JG4-J:14325-000,N23
JG4-J:14326-000,N23
JG4-J:14327-000,N23
JG4-J:14328-000,N23
JG4-J:14329-000,N23
JG4-J:14330-000,N23
JG4-J:14331-000,N23
JG4-J:14332-000,N23
JG4-J:14333-000,N23
JG4-J:14333-000,N23
JG4-J:14334-000,N23
JG4-J:14335-000,N23
JG4-J:14336-000,N23
JG4-J:14337-000,N23
JG4-J:14338-000,N23
JG4-J:14339-000,N23
JG4-J:14340-000,N23
JG4-J:14341-000,N23
JG4-J:14342-000,N23
JG4-J:14343-000,N23
JG4-J:14344-000,N23
JG4-J:14345-000,N23
JG4-J:14345-000,N23
JG4-J:14346-000,N23
JG4-J:14347-000,N23
JG4-J:14348-000,N23
JG4-J:14349-000,N23
JG4-J:14350-000,N23
JG4-J:14351-000,N23
JG4-J:14352-000,N23
JG4-J:14353-000,N23
JG4-J:14354-000,N23
JG4-J:14355-000,N23
JG4-J:14355-000,N23
JG4-J:14356-000,N23
JG4-J:14357-000,N23
JG4-J:14359-000,N23
JG4-J:14361-000,N23
JG4-J:14363-000,N23
JG4-J:14365-000,N23
JG4-J:14367-000,N23
JG4-J:14369-000,N23
JG4-J:14370-000,N23