JG3-J:13758-000,N02
JG3-J:13759-000,N02
JG3-J:13760-000,N02
JG3-J:13761-000,N02
JG3-J:13762-000,N02
JG3-J:13763-000,N02
JG3-J:13764-000,N02
JG3-J:13765-000,N02
JG3-J:13766-000,N02
JG3-J:13767-000,N02
JG3-J:13768-000,N02
JG3-J:13769-000,N02
JG3-J:13770-000,N02
JG3-J:13771-000,N02
JG3-J:13772-000,N02
JG3-J:13773-000,N02
JG3-J:13774-000,N02
JG3-J:13775-000,N02
JG3-J:13776-000,N02
JG3-J:13777-000,N02
JG3-J:13778-000,N02
JG3-J:13779-000,N02
JG3-J:13780-000,N02
JG3-J:13781-000,N02
JG3-J:13782-000,N02
JG3-J:13783-000,N02
JG3-J:13784-000,N02
JG3-J:13785-000,N02
JG3-J:13786-000,N02
JG3-J:13787-000,N02
JG3-J:13788-000,N02
JG3-J:13789-000,N02
JG3-J:13790-000,N02
JG3-J:13791-000,N02
JG3-J:13792-000,N02
JG3-J:13793-000,N02
JG3-J:13794-000,N02
JG3-J:13795-000,N02
JG3-J:13796-000,N02
JG3-J:13797-000,N02
JG3-J:13798-000,N02
JG3-J:13799-000,N02
JG3-J:13800-000,N02
JG3-J:13801-000,N02
JG3-J:13802-000,N02
JG3-J:13803-000,N02
JG3-J:13804-000,N02
JG3-J:13805-000,N02
JG3-J:13806-000,N02
JG3-J:13807-000,N02
JG3-J:13808-000,N02
JG3-J:13809-000,N02
JG3-J:13810-000,N02
JG3-J:13811-000,N02
JG3-J:13812-000,N02



JG3-E:13813-000,N02
JG3-E:13813-000,N02
JG3-E:13813-000,N02
JG3-E:13814-000,N02
JG3-E:13814-000,N02
JG3-E:13815-000,N02
JG3-E:13815-000,N02