JG3-J:13926-000,N02
JG3-J:13927-000,N02
JG3-J:13928-000,N02
JG3-J:13929-000,N02
JG3-J:13930-000,N02
JG3-J:13931-000,N02
JG3-J:13932-000,N02
JG3-J:13933-000,N02
JG3-J:13934-000,N02
JG3-J:13935-000,N02
JG3-J:13936-000,N02
JG3-J:13937-000,N02
JG3-J:13938-000,N02
JG3-J:13939-000,N02
JG3-J:13940-000,N02
JG3-J:13941-000,N02
JG3-J:13942-000,N02
JG3-J:13943-000,N02
JG3-J:13944-000,N02
JG3-J:13945-000,N02
JG3-J:13946-000,N02
JG3-J:13947-000,N02
JG3-J:13948-000,N02
JG3-J:13949-000,N02
JG3-J:13950-000,N02
JG3-J:13951-000,N02
JG3-J:13952-000,N02
JG3-J:13953-000,N02
JG3-J:13954-000,N02
JG3-J:13955-000,N02
JG3-J:13956-000,N02
JG3-J:13957-000,N02
JG3-J:13958-000,N02
JG3-J:13959-000,N02
JG3-J:13960-000,N02
JG3-J:13961-000,N02
JG3-J:13962-000,N02
JG3-J:13963-000,N02
JG3-J:13964-000,N02
JG3-J:13965-000,N02