JG3-J:11522-000,N01
JG3-J:11523-000,N01
JG3-J:11524-000,N01
JG3-J:11525-000,N01
JG3-J:11526-000,N01
JG3-J:11527-000,N01
JG3-J:11528-000,N01
JG3-J:11529-000,N01
JG3-J:11530-000,N01
JG3-J:11531-000,N01
JG3-J:11532-000,N01
JG3-J:11533-000,N01
JG3-J:11534-000,N01
JG3-J:11535-000,N01
JG3-J:11536-000,N01
JG3-J:11537-000,N01
JG3-J:11538-000,N01
JG3-J:11539-000,N01
JG3-J:11540-000,N01
JG3-J:11541-000,N01
JG3-J:11542-000,N01
JG3-J:11543-000,N01
JG3-J:11544-000,N01
JG3-J:11545-000,N01
JG3-J:11546-000,N01
JG3-J:11547-000,N01
JG3-J:11548-000,N01
JG3-J:11549-000,N01
JG3-J:11550-000,N01
JG3-J:11551-000,N01
JG3-J:11552-000,N01
JG3-J:11553-000,N01
JG3-J:11554-000,N01
JG3-J:11555-000,N01
JG3-E:11566-000,N01
JG3-E:11567-000,N01
JG3-E:11568-000,N01
JG3-J:11515-000,N01
JG3-J:11516-000,N01
JG3-J:11517-000,N01
JG3-J:11518-000,N01
JG3-J:11519-000,N01
JG3-J:11520-000,N01
JG3-J:11521-000,N01
JG3-J:11556-000,N01
JG3-J:11557-000,N01
JG3-J:11558-000,N01
JG3-J:11559-000,N01
JG3-J:11560-000,N01
JG3-J:11561-000,N01
JG3-J:11562-000,N01
JG3-J:11563-000,N01
JG3-J:11564-000,N01
JG3-J:11565-000,N01

