JG3-E:12027-000,N01
JG3-E:12028-000,N01
JG3-E:12029-000,N01
JG3-J:11978-000,N01
JG3-J:11979-000,N01
JG3-J:11980-000,N01
JG3-J:11981-000,N01
JG3-J:11982-000,N01
JG3-J:11983-000,N01
JG3-J:11984-000,N01
JG3-J:11985-000,N01
JG3-J:11985-000,N01
JG3-J:11986-000,N01
JG3-J:11987-000,N01
JG3-J:11988-000,N01
JG3-J:11989-000,N01
JG3-J:11990-000,N01
JG3-J:11991-000,N01
JG3-J:11992-000,N01
JG3-J:11993-000,N01
JG3-J:11994-000,N01
JG3-J:11995-000,N01
JG3-J:11996-000,N01
JG3-J:11997-000,N01
JG3-J:11998-000,N01
JG3-J:11999-000,N01
JG3-J:12000-000,N01
JG3-J:12001-000,N01
JG3-J:12002-000,N01
JG3-J:12003-000,N01
JG3-J:12004-000,N01
JG3-J:12005-000,N01
JG3-J:12005-000,N01
JG3-J:12006-000,N01
JG3-J:12007-000,N01
JG3-J:12008-000,N01
JG3-J:12009-000,N01
JG3-J:12010-000,N01
JG3-J:12011-000,N01
JG3-J:12012-000,N01