JG4-E:12638-000,N09
JG4-E:12638-000,N09
JG4-E:12639-000,N09
JG4-E:12639-000,N09
JG4-E:12639-000,N09
JG4-E:12640-000,N09
JG4-E:12640-000,N09
JG4-J:12586-000,N09
JG4-J:12587-000,N09
JG4-J:12588-000,N09
JG4-J:12589-000,N09
JG4-J:12590-000,N09
JG4-J:12591-000,N09
JG4-J:12592-000,N09
JG4-J:12593-000,N09
JG4-J:12594-000,N09
JG4-J:12595-000,N09
JG4-J:12596-000,N09
JG4-J:12596-000,N09
JG4-J:12597-000,N09
JG4-J:12598-000,N09
JG4-J:12599-000,N09
JG4-J:12600-000,N09
JG4-J:12601-000,N09
JG4-J:12602-000,N09
JG4-J:12603-000,N09
JG4-J:12604-000,N09
JG4-J:12605-000,N09
JG4-J:12606-000,N09
JG4-J:12607-000,N09
JG4-J:12608-000,N09
JG4-J:12609-000,N09
JG4-J:12610-000,N09
JG4-J:12611-000,N09
JG4-J:12612-000,N09
JG4-J:12613-000,N09
JG4-J:12614-000,N09
JG4-J:12615-000,N09
JG4-J:12616-000,N09
JG4-J:12617-000,N09
JG4-J:12617-000,N09
JG4-J:12618-000,N09
JG4-J:12619-000,N09
JG4-J:12620-000,N09
JG4-J:12621-000,N09
